SB3841,555
SL3640,555
SB7872,555
SBT502,555
SB4942,555
SB6191,555
SBT402,555
SB7841,555
SB1862,555
SLT340M,555
SB3842,555
SB6642,555
SEB011,555
SB1652,555
SLT220M,555
CL0120,CTR
CB0393,CTR
CL0586,CTR
CB0186,CTR
CB0388,CTR
CB0332,CTR
CB0257,CTR
CL0290,CTR
CQ0274L,CTR
CL0393,CTR
CQ0254,CTR
CB0114,CTR
CL0597,CTR
CLKH46,CTR
CQ0274R,CTR
GH21190,GMB
GUT24,GMB
GH31960,GMB
GU1670,GMB
GUT23,GMB
GH31930,GMB
GH040050,GMB
GH038021,GMB
GAT10020,GMB
GH31920,GMB
GT10170,GMB
GUN45,GMB
GWT77A,GMB
GT10022,GMB
GH31880,GMB
D2183MH,KASHIYAMA
D2118MH,KASHIYAMA
D2090H,KASHIYAMA
D2274H,KASHIYAMA
D2023H,KASHIYAMA
D2228MH,KASHIYAMA
D6108H,KASHIYAMA
D1244MH,KASHIYAMA
D2270H,KASHIYAMA
D2268H,KASHIYAMA
D2269H,KASHIYAMA
D2278MH,KASHIYAMA
D1261H,KASHIYAMA
K2342,KASHIYAMA
D4052H,KASHIYAMA
2DUF054N2GR,KOYO
3DACF041D3JRAM,KOYO
2DUF058N5BR,KOYO
DAC4584W1CS81,KOYO
3DACF037D2CAM,KOYO
DAC4280W13CS40,KOYO
3DACF038DB2FAM,KOYO
3DACF027F11FSAM,KOYO
2DUF050N7,KOYO
DAC4586W2CS69,KOYO
DAC4074W3CS80,KOYO
PU385827ARR9DY,KOYO
PU306630ARR9D,KOYO
DACF2146BAM,KOYO
3DACF041D3KRAM,KOYO
1578,NGK
2526,NGK
2756,NGK
5118,NGK
6953,NGK
6376,NGK
96596,NGK
4912,NGK
2382,NGK
3583,NGK
7090,NGK
2262,NGK
1675,NGK
5339,NGK
91450,NGK
C4H41222,OBK
C4H91042H,OBK
C4T62441H,OBK
C4H41921L,OBK
C4M11042,OBK
C4M13412,OBK
C4H10112H,OBK
C4T61562H,OBK
C4H31112H,OBK
C4M11192H,OBK
C4H41921R,OBK
C4M53582,OBK
C4T18552H,OBK
C4H41122,OBK
C4T62302H,OBK
U4127,TOKICO
E3474,TOKICO
E4133,TOKICO
U3785,TOKICO
U3768,TOKICO
E3824,TOKICO
E4108,TOKICO
B3404,TOKICO
E35054,TOKICO
FAWB3232,TOKICO
FAWB3233,TOKICO
B3328,TOKICO
FAWU2980,TOKICO
B3405,TOKICO
B3329,TOKICO
